0,0,1e3ecd833e27635f2b769035512f700520f2565f5345449ac6a2a50da8eab138
0,1,e5920835d756efe9a6bb12fa018869bf8a36b8cfe21df863177c5b917f3b6a42
1,0,a2738c12f6abe1e54a076a91454544b8bd85299e13df19828009caa0b93255c0
1,1,8ec5545ddaaccd7ab88e10ba3412e72f3f1a76e3c4a18894885d8704e24ffab9
2,0,546563e82502b5a42fea5fa2a5964a5cdb9881f794422c173b17937dee0fd528
2,1,a274217da9a6693228b02bc382194ea1ddaae292a7551e0de44453979b158d86
3,0,0e62bbb5a2494fa2398d31296d04879e2d68c098ce3132a434a36e523e1d102e
3,1,3f02855f05a08908442d57a2adbe12dfdb911a1170d7795448373c6e634fe626
4,0,f583a5e05de0189564a2f6e5a18c823a9da906d58ce0afcbdcc43195543c0db3
4,1,d442346f5906c1a4a6f4b6ae6ca1f0d07e69db63bf77be5be427aec42213dc5a
5,0,bbaabbac99780d31d772f95d416670e86eb43517a3382220550a93835d2d5064
5,1,f74401d02b8ca9ac8ada106feb72ba8c83f3a2addb938fcf41436b15a3a9f0e4
6,0,c1b332d7303a666b06bc9335f637c43f5ebb6e139383f599c8d4778aafea43e0
6,1,eedacaa85fc6579af5bee0f2f53693f9ba81f7e1be101eac3b0a809521714865
7,0,3248223801fd32741c2669100910a31c44427812c07ee3346ecb9de6b02280de
7,1,7c45d6fc1d0dfa8b6341b04992267392dba990a5b5f600836eca489c0896def5
8,0,b12e657bda125a887567282443174087b3991ddb16612e124be4db5f89c997aa
8,1,a0634466536cba203e1540f309a74053ae0c2960ce966f2177b4e8e84704a344
9,0,cddae1e7ac4b678f18e40ec999e06d1b057e89c90cd6f5386f8918a69929e631
9,1,7dc952c43d477f9a71ceff49cf56483b9e7d7098d818127b6e1ee49f35fbc62f
10,0,c066b0b42de6052b8dd6cd3e1349acb067019ae2c840e2ab85d638cd24a3fc1a
10,1,2d60c0d1a9f56822dc35be53a8d9b38655ca1974a057ea1705bef8489e1add02
11,0,0f2b8511e51caa6a41699144599008156dadbe8f91199e120aa13378374f3d3d
11,1,5b4ddeecb32e6628a0385857445c454605144624fb18a5ba56e36e293a1a89fc
12,0,59009dca718089e25668b885b7bfa3b705107a2d30c179fdc617a4bbd96c4124
12,1,e1c0dbb00d086cc0cbdca75e2c7da448e5301b3327cfffeed7a2ae221804fd88
13,0,15d427b3f8411bdbf222280bd262a05bd5bab763e21e9f5e0f9d889e6c03a0a2
13,1,80ce7c2cc6ff8e58d128704e4b9c5525593000038c4c280259a638da5b599e14
14,0,e3da81bb683d091e55b116bf6c48aefa5396163fb798d9bb5a8c2d610ccd91f8
14,1,db9cbf8e1ed558ec7f704f2f13e9d18996c7917358ed559921d2076c982b42d7
15,0,ba48d4627a2a3c0161f84eb282c4d4617f21311913f10c88819fba45cd0d72fb
15,1,1c729952b13de87601bfb5fd0671f6de56008f8413d8057ba3351fcad3295cd2
16,0,dbd166bbd7f9c4091b3bc6805f2e22a847a44ffb2689ddaac7498a3114482408
16,1,4e94f274bd008ea35da55a133f33e76b90ccdc667c8eb9735de6808d96447095
17,0,27e5f0b84a822985c7c4ad8598510a541e9a68d7bd7f4da0535b3113d2f49f9b
17,1,cb52aa3b101ad16b9c1a6495f9449933bf6865a26eee00c33ded6b975dbe5eee
18,0,ae2ddf7c82bdfa09da134e2ab003ce4adcde6d6218b0dba41424cb6fa8ce9a24
18,1,fc45b6b044d061d94eb1dc423ec3e7fb95dfb3b92de0806e184f30ee3cc5a1ac
19,0,f9ae9a1485749a615940ae9f0b2af64192378d2f04125a4f38854fc70f15e5b1
19,1,75aac292bd49cd8e2acff454ff89b15e9a4facb2b38470ea66485e341965bcf8
20,0,45070b5b9fa3c7d466beae06b3ea3947ad98a97fd65260ae1e2a02343f7671c4
20,1,3df508cefc0af3b89e2da9d3fa04938879d5126bd29579526f374203366a914a
21,0,a1b79f59c77d1c96bef07ce3a7f0d09e5c03d420d94c7b9fa05dad998dcda695
21,1,66ff3f231699a3c242d63c57349d161c0f9b1cc481cdb32b55b06dd2727779a8
22,0,636a1277fa3b4f85b847d7ef7748af94b44e4c406b08fbe6b7a12bf06efb420c
22,1,d4eaa34d89187012be5c4adfb03aa1161e3b8d86ee139d4250859d9695cfcc8e
23,0,87020000ba103a63034113434939436ea615351e2c8346ab577b8329fd659193
23,1,cc01025473b2457d63e03289ea9be80d9fc70689499adefdbde82b9659939673
24,0,8e98bd46f6efb8e0fc1803e4cd2337438bbb4dd20c857114f041505ff276c89f
24,1,a28bf66bf3b8a7f895574142878929558a5de88208b0ca70eb2942f6521afab7
25,0,26c3af50ea16c263739bcbc161539c31c97728e3fcddfb6d70710e801bd8efcc
25,1,905bf21183f8db3a8344dc97552568f26598478418645f01ade3af1bed649b78
26,0,ed4e63f725abc6400c34daa17bddbd9f1272536f0bf68b9a652fd2b148ad2726
26,1,24fd7784ab71aa7498f05f9c2881167e5087a06598976c43ed9945158cf62972
27,0,aa187496eb4da79759ec6def0fae8e5dd93757b237916f9c872941ae030767fd
27,1,c1755254ec2eaa8d647108e7cf05269e70e7a96931a141ecc652bc272915ce39
28,0,ce49cbb22d41c4ccf643cabe2683881ddfd18a1b5eaf4a81ad0ac88fcb1f2509
28,1,a59a8392df28c87823f382cc3f56cb67f36decd1171752d8ea42a2455e1802ee
29,0,b9444757874e93afdcbfc2671599eee53c8538caa6a69ad53f6a7ded8e88d1c8
29,1,3ca86041a47c0d04ac89669678bb0816c6e21cc5f74b3c37a5866a10de5e68bd
30,0,fb2adaa8f42584a47ed6cd97b61ed0e91e2652286216511462a41402bfcc8969
30,1,54d6067ccddf115b92ec85b291fa7fc78637acc9e87099bd273b1c4fa355c386
31,0,8b25a9dd78d0e2b1211ed070ecb490ef7e9a45a0f0d7805505546d7c3526e777
31,1,5fcd73068353c624ae5eba7fbbeb69a2294708e3b4e1352bf6c7d68015f43ebf
32,0,079da1a84f08c76aff230dd0ef62f72748f26a68dd84d97f28ed348875abe293
32,1,9c16c5827f6489c747a1c3f70cd484002f574d96c34e91cd5aec46f53532e4ce
33,0,e30f9b34ae31672d0851fa1a5c54c97336b6e0363abcb73735e135545b43ebdf
33,1,19fc594c9058a32f3c4855f8ef0d0ca8055d4c80eef1fb52a0b9fa274d5d9bb0
34,0,6136dfbdb798b3b7c887670829aee7bb65622be59db209d270157003fc8db3c6
34,1,946f3bff7b72866250bdc58ad4894ad0a1942336bf85e12fbb553271e19884ce
35,0,db2f0295dfc6cd21852f1b23736e2a161b46e41805b31c9b9c17ec777e9e8a68
35,1,db6935e3680e5d761f00e085371fcc0c54ee2fc55d6634c93833b2ff0f458d74
36,0,b7e8095f3c84bfd21da99d7bc1746ee31bdd676f1ca0e7a82b45c9e83c85927e
36,1,5e1278f913847640e293f6e89db530ca9f5c95789b9f2fc1d98ef78ce53c8dea
37,0,74e88b2879cbbbf71f3f368b86bc6e04fe49bd89078d0b77984d19f780345f9c
37,1,b968dc1a93471fa57ca5a8a49fb8c61323410e1ab166d459041ecd5941223a72
38,0,5a9c7ec67eb27d6f684e79bda0d90beda0269496ba66045e590f8d2d0863256a
38,1,462c206aeddf0071bdbc1c903ced00b887bf55e1cf338f65ddb9b3a1db41f719
39,0,6b6ec217c8b9b51e73a632d951ca256efe91638dfc8af0cf3f4cfae0a2da091d
39,1,a3edab224b82393bfedb257ba3898ea39d5fc11a2310dcf6f5fb1bfc0178effd
40,0,30790a6956489bbf079afed3c7c03df4a523c131abb9583f6e0e3d948c1e7c37
40,1,62b47196079040ec3f79d4e7151fd3a707b6836390575c22b5a4d910b99fdebc
41,0,ed66783d94142a7f76878377ad4b36134a2b3583b789f39646dc87a555d28534
41,1,6f43fd447797c55bd628df226e0cdeb260acb281a622b291f980e10e3c2e185b
42,0,493de669646676d000ffa339b4114a5002748f9f93987a0000a506cf2480588c
42,1,7e64bc7921980f37ae52084b8ba007ad87a3368ceb5a8574edc31d1f71605514
43,0,0971cec308512e8cae13c78b4799145489ce37d29c3e8c243357eb3044c72ae6
43,1,5573cfc987b592c5eeb4d2781a60a25f2fb69ec3aa2b0d479f53afd7404300cb
44,0,462dd4bc7a1478af99c907205107b2d1c2c7b354be5f71c4da75e3e9f4dfc4ee
44,1,b53d7cd01b9e5b12a86c5f592b3ab90b9389b185e4ccda25d0f7d94c099ff489
45,0,1217d725dae5c75abc830a3ee24c263539906e450221aafbc8440f70f013b7d3
45,1,2d1c61fbe36fa45f6462b0868006b2d402dbf72ed2d5f7f891fd8506829d4a26
46,0,c6e5d8d9c357abddbba297c8db334b0118256685eeb4dc1b1af4fe451930aae7
46,1,bc679c0b3f01e452b968a0f8d99fb12ab919cbf98e0c69bf62c880aabf22197f
47,0,11246e795f07c0eb662afa90e1eb58f3ece8d65f58533ff6ceb500c32a348a67
47,1,8716a3aa5004bf0da04fda3d5e4eeab2fac234dae29b4f4bf387c2259ead88cf
48,0,d25238f526360ceb829ec80e7f66a7d51ff73bda44dfd0f8be68c6610b65cda4
48,1,8cd67cd14495ea49d568fcd8a4cc6e374599e1de60d8a0f895f18931f0c26c6e
49,0,39a797d4cc5e46cb1287de7de2a70fa4fb3a826c839fda0ba0d60671ac6fe510
49,1,0cb854208d55a855c72fc3f7a6bcc7107487171cbfdae5295fe54661dc223c97
50,0,23db9fc369a56ea3bf78d3c70a592969458e5506b27d81a24a856a583463a02e
50,1,234f986260485b82e8ed74cb6798315f7256c6301e3d103b2ba580636dc1eb67
51,0,b2835848b0cc6743c4e4ec0e320217937e47582e68541c4f8ca6bfa236497670
51,1,9294a0a8d8f6c1bb6ba256ef1a1ca5cdbd57c586d549dfc80bb430b5e8df65c5
52,0,b2ad5ddd0a85e19ac1d5341cb46b243e3a980cb8d4b6b90801e4c9a24f3158db
52,1,d571bb6b3ace488534f6d92d3376167d56215a0c8658545fa980acec883bf109
53,0,215f3f3723dbfb076d5a1c748245d3f1caf3bfea6c1f4af459893b3813c7cae3
53,1,293ff3bc99440c9b971e63bb410f7b4cbe280d8ad26facdf57b624018f33e8ec
54,0,f3630477d48629e2034e63312a803df99573739e1b514c6374a187b48e5941a2
54,1,a7d3e5b6557c05b61839b327d02147a1124f867121b0aab5908a88602e68aa36
55,0,aa5bc173e49fb0a668a21c3274bbfe6c20769ce3959ee31a0bd321a8e1c60350
55,1,fc2a6785c3f9c1d6cc9d7d1511f9b0089c29ba39fb40e6793309ada6c66c644d
56,0,80cec4376d666b905907149a21adf3b5f1e1aa1d9b97d4701f98862d14163c41
56,1,448666f869b25bd9b5d9a44b88cf5a37affc0f7b024022b77a20e30b05272f6b
57,0,6f17ebd49008d5c873c43cb3a27e6b521f9fb64a252a893db21f8101bb0a9a9e
57,1,ddf4c8143fe73a4e9a8741736570b3dbc26f0d3295223caa56246c64c354adb3
58,0,44d7e1eb3621e733bc63a51f5db007029cb9d3461a5557dc501d2ac8589b4362
58,1,ae16e65de0b5df53a8bfbb50cb70bba3fbf4cd2f0b0a931bb590b35ed6b39c60
59,0,ed89aed16709970a06b8711030723b985b3fcad39ed7bfd4e2e1acaa993d773d
59,1,86c2e890e1f777e3f79a0d9c3da14a437a8767f22342bbbe62f6b2ef8575cb61
60,0,7a12caf5d1cc9451309c19f8e23dfc53728c64f7b4f9f2c25a7cf6d56415475a
60,1,07ba313e425cc29fbbbfe5402d23d7a1ad0d97788993b646ad193bc90c4211e5
61,0,d6533ad87ed8746cd32ac4b88349d3dc45317235564260beb54364bbb1a73f90
61,1,50204586d31297a82d924fce830c27ea4a2e452de95514bcb8fb72f77a449254
62,0,3f83a08821fff36d0566a3380458ca9efbb41f29c8daca5c69d1c3af27e486c7
62,1,0e3524a990ed31d721b963129c0409e8dd43f99d3c4371c709dd015b4c2e7bbc
63,0,78ffdcf8b39b6b5053787471cd269729be2cb699d88e3d004135a4d29d8c67ff
63,1,26b34e4b5d4d4100b4f05ee5dfb621c50c92b78d8d6a99ab92c098905e90f14e
64,0,44bd7fdcef8adb0397b72ddd1c4dde9a0f595e6906fa5b284dac36bd01a6639e
64,1,69c55d2c4909edf6ed0897255d5eb307d5fc95333b56b02634818408f9f9ccb4
65,0,37d7d7ba6b12ab79d54f38e0aaa47e42ccf733045943abfd286327e8dd8cbef2
65,1,f19b3b252ef4f1de8e5bb955e625e5f0b6697f6f7b86a96966294786b2bf7c9c
66,0,e6ec2c1a4f278fca4761274c7c7ae148895b73deb63b7f9ae95324e4ee49eac5
66,1,f51c5048b73b5b431a96bdb6231781f2d20c72ce186f2e995bae59c889fd3bb0
67,0,608221051ef3d237dd3201555ae600d2b2f0e11599b243f230d94fe00fce9163
67,1,f71d7972154f4ac9196cb5d53a42a7b6b875243f76653c0db7383ceef56b07de
68,0,869edda8606e7d0c8c289e9529104d0ebb7c73e5303741292b592319cb6ad5e5
68,1,e8b013605f3c99d01cffc51f9acfd9b499c0676474992459adbe7439568497c2
69,0,9c6e392ba4ed6f50163432a733c4a525200a440f0a79b2eaa09c05e942df9644
69,1,512fdf49378a88d7379a200477fcd045de1ac82380247cea5c925e2cc19e6a9c
70,0,336ec0607a0bccd3448820fe58487199d003fd11a8352ecf187a21381d5fb4cf
70,1,ee4ea7cc3593b87168d22a956bd2b3f786476f6e8f1dcefeb32815e9e84f56be
71,0,27474823c1eaff99d8c73da04a049720ba5d3de2dea2f9154ce1d5c26eaa1b4b
71,1,88341e0482b27be53736221ff6e75652c5d510bf01235a403305361dc7836819
72,0,55ef9b0d6111bb294ebe167d1c0be8f0e5e936c2c1c809df519dadd8596734f3
72,1,5fb3e14193e78699b1af6a7a1f410f0551622d6d660abc909ba1cb9b94e95d85
73,0,e6125e2529cb558398eaf0270814c9ec06295afc88c37a3aed4e490162146ced
73,1,27f9df8f79a3a07dba8c246d15a5e69d50785d7ef954e40d569e3464148fa55f
74,0,6e84a2deb1940614bedf51cd0f041632be21cd545a271148111fafef83562672
74,1,98c20832ef918c7d3dc829de1a6f0ad3af00ecb5d80f1b22253e47caf3a0c804
75,0,759d0b1c6635c52385d8a4088422c08bc9b623dc10cf1587049c295351fc2690
75,1,57cf0e0dd6c72cb5a656c4dcd6f01adb4333aa44c8640ac1bbbc73886b75a851
76,0,5d5c6d4b4f4790d0dde6b549d621ddba40c60d88bde5caf14e35fd3def0da369
76,1,9a0ed31af599db3007b9fc536276fb000727bec1a02267e1b1786a1c461efb0b
77,0,44c178024dcd0fb4820c8613a05405a5f4d8e094480230da1f80f35a7b3d630e
77,1,c5b9601f508bd2a549e69a29a05dbd48b59e622b3e7c82aec1bd3477eda23864
78,0,eb39b3421f35cb0f328a58ff4bae085ea8e216cd6ef4c95dab333124243d6a21
78,1,583447f0a7874638da07f22de347355793bfb690c8938fd1138cc7d3d97a9542
79,0,579dc79683a8c24d1e1b88e9ecd2a90c723db1fe008b22bc4fc71c212859ec07
79,1,827f74a16512ee630063c6870fa08aebede292a43c716290134c5a3376cf1f49
80,0,7787daf2caa3e6d2b19750039ab5231a3fcff8eb88bffe137880d7925ad2e83e
80,1,46ed9ccae68383a3bbef4a755996f8067df6818abbebf876e9d7bfed42ac3795
81,0,9fcabe184bf0b1ad8d1d4c62ff7ab12dc22d3c16fa4a6f8189dc6562ecf81e97
81,1,bb4f8d2f9a01390e45dc8e975836b250762d710141929776aae06a50b9432173
82,0,c33153d8c3d14ba1da524e54a0a032a768d68efceaa04463766ad3af43362c32
82,1,ab01fcbe8c1a9b7ae5b1a0df8597bd4ea669f1be816fec30ee71d5b5fbbd4273
83,0,2dce0de70b04fa065534f39578ace510e388b08b4a5244d521616fd00fc79454
83,1,44d52839bd08eaf5d6511ff82cd1086d494fc0862d72620134ad98c34d778729
84,0,a6f9aa8e839d1f56a0cec54585af5d662bd2112bd23e909f22620058b8902073
84,1,9d630ab923a93a0f3f7692e02ff54f375b8705fee4cfb55df0422024689be32a
85,0,9978675575050e272696abe6fa0a264c595ba7ac07a4cb4267c02f9d166b9044
85,1,ab5f7777c1bfc3bd738d4632edc5c40d1ec7c8be049d68e1e9d1782cbf7c5335
86,0,ff817c94d9bd188f927baf557f2965faa6033182cc26bcedb33b74a4a0ef6386
86,1,ce5014b94730de5fa071f0a13ac6b063f7d28dcff8c1843b1771abe867b61174
87,0,aa5441a30b1a5c9e7f7cd0a521207d630de696c6cb89c72df1569c100cd86a23
87,1,c9ac7cf9b4e1869fa5403152f114301d36b27f3b36da915f77a0c1149876c3da
88,0,ee3004f5f24b241bece8305e28b44b7ee6dbe6f059830cc380f291c4ed678041
88,1,2c557002fc623d73cc510e035718c0c11b09ae8ecce3c4c57b79722a7a4124f9
89,0,f83a1935e472c86733f6a3b6b11a840b29fd27546b20745e752f743c300d94dc
89,1,5fe995c13455efc5777b9211bf4aa9dea2c9b266583a216b04af13bdedd21066
90,0,1d7a020c8443304d59c6f47411c474f0f2cfce7296eafb36e9f9ea311b26e326
90,1,fc723adbdd71a5c71a0b54bb6db579044db76abbc2bbd70865ed0f47dd0ab67c
91,0,0f6163c3250bb1b7e124e08f6f7160635655191c4a40624b1d851d2fffe149ea
91,1,75664e98076c7a50081a411defd04460c623e8aba7557bd85e491ddb3e612bc7
92,0,63eaa2df8d80af1796b13bc7607e54a30e00297b8069d845c1bf2d5f9ea54a6f
92,1,448fc5e90288aa6a6eba463b055847fefc0cae957e62d56e6149dc83c414bcca
93,0,66119a7ccd7bea13ca73438372e2ef7f37488a0364ad3fdb7b5b40bf5ea2f414
93,1,a3af6877ca7f4bd4cb9980c6dce0bf1c94bee2fdd66e5169246f00d5b9030d49
94,0,909c2d22d37a9ad81b435e5fe2794f150d64b9332826155a1f2543e188dd33d0
94,1,9c62fe36bc12514fc8f574ee9b452c2bb7cc9f2f92621596713d77d483b6fa9c
95,0,aafc50599bb7f2f0e4a628b05f418fc4e9b2bc87a40d2796e773c9caef993a9a
95,1,24346659e0a8d8b94a5354270fa31e49075dc8811c11f9ddd12865722cd42e5a
first-lower,0,1,e284bec85ba526d795057b70650501274036a37c60c3f1adba00c2be7fa1d6b5
first-lower,0,2,e284bec85ba526d795057b70650501274036a37c60c3f1adba00c2be7fa1d6b5
first-lower,0,3,e284bec85ba526d795057b70650501274036a37c60c3f1adba00c2be7fa1d6b5
first-lower,0,4,e284bec85ba526d795057b70650501274036a37c60c3f1adba00c2be7fa1d6b5
first-lower,0,5,e284bec85ba526d795057b70650501274036a37c60c3f1adba00c2be7fa1d6b5
first-lower,0,6,e284bec85ba526d795057b70650501274036a37c60c3f1adba00c2be7fa1d6b5
first-lower,0,7,e284bec85ba526d795057b70650501274036a37c60c3f1adba00c2be7fa1d6b5
first-lower,0,8,e284bec85ba526d795057b70650501274036a37c60c3f1adba00c2be7fa1d6b5
first-lower,0,9,e284bec85ba526d795057b70650501274036a37c60c3f1adba00c2be7fa1d6b5
first-lower,0,10,e284bec85ba526d795057b70650501274036a37c60c3f1adba00c2be7fa1d6b5
first-lower,0,11,e284bec85ba526d795057b70650501274036a37c60c3f1adba00c2be7fa1d6b5
first-lower,0,12,e284bec85ba526d795057b70650501274036a37c60c3f1adba00c2be7fa1d6b5
first-lower,0,13,e284bec85ba526d795057b70650501274036a37c60c3f1adba00c2be7fa1d6b5
first-lower,0,14,e284bec85ba526d795057b70650501274036a37c60c3f1adba00c2be7fa1d6b5
first-lower,0,15,e284bec85ba526d795057b70650501274036a37c60c3f1adba00c2be7fa1d6b5
first-lower,0,16,e284bec85ba526d795057b70650501274036a37c60c3f1adba00c2be7fa1d6b5
first-lower,0,17,e284bec85ba526d795057b70650501274036a37c60c3f1adba00c2be7fa1d6b5
first-lower,0,18,e284bec85ba526d795057b70650501274036a37c60c3f1adba00c2be7fa1d6b5
first-lower,0,19,e284bec85ba526d795057b70650501274036a37c60c3f1adba00c2be7fa1d6b5
first-lower,0,20,e284bec85ba526d795057b70650501274036a37c60c3f1adba00c2be7fa1d6b5
first-lower,0,21,e284bec85ba526d795057b70650501274036a37c60c3f1adba00c2be7fa1d6b5
first-lower,0,22,e284bec85ba526d795057b70650501274036a37c60c3f1adba00c2be7fa1d6b5
first-lower,0,23,e284bec85ba526d795057b70650501274036a37c60c3f1adba00c2be7fa1d6b5
first-lower,0,24,e284bec85ba526d795057b70650501274036a37c60c3f1adba00c2be7fa1d6b5
first-lower,0,25,e284bec85ba526d795057b70650501274036a37c60c3f1adba00c2be7fa1d6b5
first-lower,0,26,e284bec85ba526d795057b70650501274036a37c60c3f1adba00c2be7fa1d6b5
first-lower,0,27,e284bec85ba526d795057b70650501274036a37c60c3f1adba00c2be7fa1d6b5
first-lower,0,28,e284bec85ba526d795057b70650501274036a37c60c3f1adba00c2be7fa1d6b5
first-lower,0,29,e284bec85ba526d795057b70650501274036a37c60c3f1adba00c2be7fa1d6b5
first-lower,0,30,e284bec85ba526d795057b70650501274036a37c60c3f1adba00c2be7fa1d6b5
first-lower,0,31,e284bec85ba526d795057b70650501274036a37c60c3f1adba00c2be7fa1d6b5
first-lower,0,32,e284bec85ba526d795057b70650501274036a37c60c3f1adba00c2be7fa1d6b5
first-lower,0,33,e284bec85ba526d795057b70650501274036a37c60c3f1adba00c2be7fa1d6b5
first-lower,0,34,e284bec85ba526d795057b70650501274036a37c60c3f1adba00c2be7fa1d6b5
first-lower,0,35,e284bec85ba526d795057b70650501274036a37c60c3f1adba00c2be7fa1d6b5
first-lower,0,36,e284bec85ba526d795057b70650501274036a37c60c3f1adba00c2be7fa1d6b5
first-lower,0,37,e284bec85ba526d795057b70650501274036a37c60c3f1adba00c2be7fa1d6b5
first-lower,0,38,e284bec85ba526d795057b70650501274036a37c60c3f1adba00c2be7fa1d6b5
first-lower,0,39,e284bec85ba526d795057b70650501274036a37c60c3f1adba00c2be7fa1d6b5
first-lower,0,40,e284bec85ba526d795057b70650501274036a37c60c3f1adba00c2be7fa1d6b5
first-lower,0,41,e284bec85ba526d795057b70650501274036a37c60c3f1adba00c2be7fa1d6b5
first-lower,0,42,e284bec85ba526d795057b70650501274036a37c60c3f1adba00c2be7fa1d6b5
first-lower,0,43,e284bec85ba526d795057b70650501274036a37c60c3f1adba00c2be7fa1d6b5
first-lower,0,44,e284bec85ba526d795057b70650501274036a37c60c3f1adba00c2be7fa1d6b5
first-lower,0,45,e284bec85ba526d795057b70650501274036a37c60c3f1adba00c2be7fa1d6b5
first-lower,0,46,e284bec85ba526d795057b70650501274036a37c60c3f1adba00c2be7fa1d6b5
first-lower,0,47,e284bec85ba526d795057b70650501274036a37c60c3f1adba00c2be7fa1d6b5
first-lower,0,48,e284bec85ba526d795057b70650501274036a37c60c3f1adba00c2be7fa1d6b5
first-lower,0,49,e284bec85ba526d795057b70650501274036a37c60c3f1adba00c2be7fa1d6b5
first-lower,0,50,e284bec85ba526d795057b70650501274036a37c60c3f1adba00c2be7fa1d6b5
first-lower,0,51,e284bec85ba526d795057b70650501274036a37c60c3f1adba00c2be7fa1d6b5
first-lower,0,52,e284bec85ba526d795057b70650501274036a37c60c3f1adba00c2be7fa1d6b5
first-lower,0,53,e284bec85ba526d795057b70650501274036a37c60c3f1adba00c2be7fa1d6b5
first-lower,0,54,e284bec85ba526d795057b70650501274036a37c60c3f1adba00c2be7fa1d6b5
first-lower,0,55,e284bec85ba526d795057b70650501274036a37c60c3f1adba00c2be7fa1d6b5
first-lower,0,56,e284bec85ba526d795057b70650501274036a37c60c3f1adba00c2be7fa1d6b5
first-lower,0,57,e284bec85ba526d795057b70650501274036a37c60c3f1adba00c2be7fa1d6b5
first-lower,0,58,e284bec85ba526d795057b70650501274036a37c60c3f1adba00c2be7fa1d6b5
first-lower,0,59,e284bec85ba526d795057b70650501274036a37c60c3f1adba00c2be7fa1d6b5
first-lower,0,60,e284bec85ba526d795057b70650501274036a37c60c3f1adba00c2be7fa1d6b5
first-relative,0,15f7bef8bec45ad0ee14fda2ae2036a844ae0ebaa091f96519849ef9ba0ced54
third-switch,0,18e60208198ad64c55b07d0dd5f68634aabaaa9145c0a259dff06e34ffc34732
first-switch,0,15f7bef8bec45ad0ee14fda2ae2036a844ae0ebaa091f96519849ef9ba0ced54
first-clear,0,15f7bef8bec45ad0ee14fda2ae2036a844ae0ebaa091f96519849ef9ba0ced54
first-lower,1,1,ae4ab44e7f4088253db46a5ee12af5d08025be3971052e13da72d5b0b9bd3191
first-lower,1,2,ae4ab44e7f4088253db46a5ee12af5d08025be3971052e13da72d5b0b9bd3191
first-lower,1,3,ae4ab44e7f4088253db46a5ee12af5d08025be3971052e13da72d5b0b9bd3191
first-lower,1,4,ae4ab44e7f4088253db46a5ee12af5d08025be3971052e13da72d5b0b9bd3191
first-lower,1,5,ae4ab44e7f4088253db46a5ee12af5d08025be3971052e13da72d5b0b9bd3191
first-lower,1,6,ae4ab44e7f4088253db46a5ee12af5d08025be3971052e13da72d5b0b9bd3191
first-lower,1,7,ae4ab44e7f4088253db46a5ee12af5d08025be3971052e13da72d5b0b9bd3191
first-lower,1,8,ae4ab44e7f4088253db46a5ee12af5d08025be3971052e13da72d5b0b9bd3191
first-lower,1,9,ae4ab44e7f4088253db46a5ee12af5d08025be3971052e13da72d5b0b9bd3191
first-lower,1,10,ae4ab44e7f4088253db46a5ee12af5d08025be3971052e13da72d5b0b9bd3191
first-lower,1,11,ae4ab44e7f4088253db46a5ee12af5d08025be3971052e13da72d5b0b9bd3191
first-lower,1,12,ae4ab44e7f4088253db46a5ee12af5d08025be3971052e13da72d5b0b9bd3191
first-lower,1,13,ae4ab44e7f4088253db46a5ee12af5d08025be3971052e13da72d5b0b9bd3191
first-lower,1,14,ae4ab44e7f4088253db46a5ee12af5d08025be3971052e13da72d5b0b9bd3191
first-lower,1,15,ae4ab44e7f4088253db46a5ee12af5d08025be3971052e13da72d5b0b9bd3191
first-lower,1,16,ae4ab44e7f4088253db46a5ee12af5d08025be3971052e13da72d5b0b9bd3191
first-lower,1,17,ae4ab44e7f4088253db46a5ee12af5d08025be3971052e13da72d5b0b9bd3191
first-lower,1,18,ae4ab44e7f4088253db46a5ee12af5d08025be3971052e13da72d5b0b9bd3191
first-lower,1,19,ae4ab44e7f4088253db46a5ee12af5d08025be3971052e13da72d5b0b9bd3191
first-lower,1,20,ae4ab44e7f4088253db46a5ee12af5d08025be3971052e13da72d5b0b9bd3191
first-lower,1,21,ae4ab44e7f4088253db46a5ee12af5d08025be3971052e13da72d5b0b9bd3191
first-lower,1,22,ae4ab44e7f4088253db46a5ee12af5d08025be3971052e13da72d5b0b9bd3191
first-lower,1,23,ae4ab44e7f4088253db46a5ee12af5d08025be3971052e13da72d5b0b9bd3191
first-lower,1,24,ae4ab44e7f4088253db46a5ee12af5d08025be3971052e13da72d5b0b9bd3191
first-lower,1,25,ae4ab44e7f4088253db46a5ee12af5d08025be3971052e13da72d5b0b9bd3191
first-lower,1,26,ae4ab44e7f4088253db46a5ee12af5d08025be3971052e13da72d5b0b9bd3191
first-lower,1,27,ae4ab44e7f4088253db46a5ee12af5d08025be3971052e13da72d5b0b9bd3191
first-lower,1,28,ae4ab44e7f4088253db46a5ee12af5d08025be3971052e13da72d5b0b9bd3191
first-lower,1,29,ae4ab44e7f4088253db46a5ee12af5d08025be3971052e13da72d5b0b9bd3191
first-lower,1,30,ae4ab44e7f4088253db46a5ee12af5d08025be3971052e13da72d5b0b9bd3191
first-lower,1,31,ae4ab44e7f4088253db46a5ee12af5d08025be3971052e13da72d5b0b9bd3191
first-lower,1,32,ae4ab44e7f4088253db46a5ee12af5d08025be3971052e13da72d5b0b9bd3191
first-lower,1,33,ae4ab44e7f4088253db46a5ee12af5d08025be3971052e13da72d5b0b9bd3191
first-lower,1,34,ae4ab44e7f4088253db46a5ee12af5d08025be3971052e13da72d5b0b9bd3191
first-lower,1,35,ae4ab44e7f4088253db46a5ee12af5d08025be3971052e13da72d5b0b9bd3191
first-lower,1,36,ae4ab44e7f4088253db46a5ee12af5d08025be3971052e13da72d5b0b9bd3191
first-lower,1,37,ae4ab44e7f4088253db46a5ee12af5d08025be3971052e13da72d5b0b9bd3191
first-lower,1,38,ae4ab44e7f4088253db46a5ee12af5d08025be3971052e13da72d5b0b9bd3191
first-lower,1,39,ae4ab44e7f4088253db46a5ee12af5d08025be3971052e13da72d5b0b9bd3191
first-lower,1,40,ae4ab44e7f4088253db46a5ee12af5d08025be3971052e13da72d5b0b9bd3191
first-lower,1,41,ae4ab44e7f4088253db46a5ee12af5d08025be3971052e13da72d5b0b9bd3191
first-lower,1,42,ae4ab44e7f4088253db46a5ee12af5d08025be3971052e13da72d5b0b9bd3191
first-lower,1,43,ae4ab44e7f4088253db46a5ee12af5d08025be3971052e13da72d5b0b9bd3191
first-lower,1,44,ae4ab44e7f4088253db46a5ee12af5d08025be3971052e13da72d5b0b9bd3191
first-lower,1,45,ae4ab44e7f4088253db46a5ee12af5d08025be3971052e13da72d5b0b9bd3191
first-lower,1,46,ae4ab44e7f4088253db46a5ee12af5d08025be3971052e13da72d5b0b9bd3191
first-lower,1,47,ae4ab44e7f4088253db46a5ee12af5d08025be3971052e13da72d5b0b9bd3191
first-lower,1,48,ae4ab44e7f4088253db46a5ee12af5d08025be3971052e13da72d5b0b9bd3191
first-lower,1,49,ae4ab44e7f4088253db46a5ee12af5d08025be3971052e13da72d5b0b9bd3191
first-lower,1,50,ae4ab44e7f4088253db46a5ee12af5d08025be3971052e13da72d5b0b9bd3191
first-lower,1,51,ae4ab44e7f4088253db46a5ee12af5d08025be3971052e13da72d5b0b9bd3191
first-lower,1,52,ae4ab44e7f4088253db46a5ee12af5d08025be3971052e13da72d5b0b9bd3191
first-lower,1,53,ae4ab44e7f4088253db46a5ee12af5d08025be3971052e13da72d5b0b9bd3191
first-lower,1,54,ae4ab44e7f4088253db46a5ee12af5d08025be3971052e13da72d5b0b9bd3191
first-lower,1,55,ae4ab44e7f4088253db46a5ee12af5d08025be3971052e13da72d5b0b9bd3191
first-lower,1,56,ae4ab44e7f4088253db46a5ee12af5d08025be3971052e13da72d5b0b9bd3191
first-lower,1,57,ae4ab44e7f4088253db46a5ee12af5d08025be3971052e13da72d5b0b9bd3191
first-lower,1,58,ae4ab44e7f4088253db46a5ee12af5d08025be3971052e13da72d5b0b9bd3191
first-lower,1,59,ae4ab44e7f4088253db46a5ee12af5d08025be3971052e13da72d5b0b9bd3191
first-lower,1,60,ae4ab44e7f4088253db46a5ee12af5d08025be3971052e13da72d5b0b9bd3191
first-relative,1,c5af804e0bc5d79805622931e31c3dc37f1e7891ed84df9ae9b0f0811b47fc3a
third-switch,1,f34040eb8a3f16fd3ba1bf160272fff06c2bcc6c1b7869196f76d1459c1eff9e
first-switch,1,c5af804e0bc5d79805622931e31c3dc37f1e7891ed84df9ae9b0f0811b47fc3a
first-clear,1,c5af804e0bc5d79805622931e31c3dc37f1e7891ed84df9ae9b0f0811b47fc3a
