sequence/0/0,311e3d55c35add71fe2f9943a6d0c9139dd9a95adbf490ec27d67220c11f1389
sequence/0/1,59d5f9f643dfd1980820ac6a0fbcf21d23535ae5509370dd97ce1dce65c26e71
sequence/0/2,546563e82502b5a42fea5fa2a5964a5cdb9881f794422c173b17937dee0fd528
sequence/0/3,0e62bbb5a2494fa2398d31296d04879e2d68c098ce3132a434a36e523e1d102e
sequence/0/4,352916b33d6f031f08cf5c9628c59598bd82efcbb8f7fbabf4ab8528e1763aa6
sequence/0/5,bbaabbac99780d31d772f95d416670e86eb43517a3382220550a93835d2d5064
sequence/0/6,2393c1a887d18adf0879e39955e6a8167b596559d56e7aa1e99238eec9ff0c17
sequence/0/7,311e3d55c35add71fe2f9943a6d0c9139dd9a95adbf490ec27d67220c11f1389
sequence/0/8,a2738c12f6abe1e54a076a91454544b8bd85299e13df19828009caa0b93255c0
sequence/0/9,546563e82502b5a42fea5fa2a5964a5cdb9881f794422c173b17937dee0fd528
sequence/0/10,0e62bbb5a2494fa2398d31296d04879e2d68c098ce3132a434a36e523e1d102e
sequence/0/11,632f92f21d518be22f61a92b9f0f258c84d809a7306a49d91cfcaa7e25c39c59
sequence/0/12,bbaabbac99780d31d772f95d416670e86eb43517a3382220550a93835d2d5064
sequence/0/13,577db9f87f9532e2e63f9dca3ab0105a86917bc60a59601d5fa100ee9a4337f1
sequence/0/14,311e3d55c35add71fe2f9943a6d0c9139dd9a95adbf490ec27d67220c11f1389
sequence/0/15,a2738c12f6abe1e54a076a91454544b8bd85299e13df19828009caa0b93255c0
sequence/0/16,95f0a7f5ca7059da1f0de4c81a5e94b5268bdcbffeafcc6051630b34d1eeb122
sequence/0/17,0e62bbb5a2494fa2398d31296d04879e2d68c098ce3132a434a36e523e1d102e
sequence/0/18,f583a5e05de0189564a2f6e5a18c823a9da906d58ce0afcbdcc43195543c0db3
sequence/0/19,bbaabbac99780d31d772f95d416670e86eb43517a3382220550a93835d2d5064
sequence/0/20,c1b332d7303a666b06bc9335f637c43f5ebb6e139383f599c8d4778aafea43e0
sequence/0/21,fdfe1bc226205d71343cb3954cbd69fc0ac184eff0c337b716996fa1ce57ab44
sequence/0/22,40f6c49c2dd2116eab4a63b021c80aa6a55cd4ac38bbb65b101eaf32d09c8d96
sequence/0/23,546563e82502b5a42fea5fa2a5964a5cdb9881f794422c173b17937dee0fd528
sequence/0/24,0e62bbb5a2494fa2398d31296d04879e2d68c098ce3132a434a36e523e1d102e
sequence/0/25,f583a5e05de0189564a2f6e5a18c823a9da906d58ce0afcbdcc43195543c0db3
sequence/0/26,8d33076f24afbea549fb98ed168293ade5a3997ce53d32f9aad790ca23ba1ff2
sequence/0/27,c1b332d7303a666b06bc9335f637c43f5ebb6e139383f599c8d4778aafea43e0
sequence/0/28,311e3d55c35add71fe2f9943a6d0c9139dd9a95adbf490ec27d67220c11f1389
sequence/0/29,a2738c12f6abe1e54a076a91454544b8bd85299e13df19828009caa0b93255c0
sequence/0/30,546563e82502b5a42fea5fa2a5964a5cdb9881f794422c173b17937dee0fd528
sequence/0/31,1a7c0465e79555f13c35d97dd9c0f02afbd9fcd00bd59d00ee6cd489d1935999
sequence/0/32,f583a5e05de0189564a2f6e5a18c823a9da906d58ce0afcbdcc43195543c0db3
sequence/0/33,bbaabbac99780d31d772f95d416670e86eb43517a3382220550a93835d2d5064
sequence/0/34,c1b332d7303a666b06bc9335f637c43f5ebb6e139383f599c8d4778aafea43e0
sequence/0/35,311e3d55c35add71fe2f9943a6d0c9139dd9a95adbf490ec27d67220c11f1389
sequence/0/36,59d5f9f643dfd1980820ac6a0fbcf21d23535ae5509370dd97ce1dce65c26e71
sequence/0/37,546563e82502b5a42fea5fa2a5964a5cdb9881f794422c173b17937dee0fd528
sequence/0/38,0e62bbb5a2494fa2398d31296d04879e2d68c098ce3132a434a36e523e1d102e
sequence/0/39,f583a5e05de0189564a2f6e5a18c823a9da906d58ce0afcbdcc43195543c0db3
sequence/0/40,e15c599b1dc247df9982f2bbb3e2b0f1f70af882963d897c56860f80f0467c98
sequence/0/41,2393c1a887d18adf0879e39955e6a8167b596559d56e7aa1e99238eec9ff0c17
cube-replacement/0,311e3d55c35add71fe2f9943a6d0c9139dd9a95adbf490ec27d67220c11f1389
cube-restore/0,311e3d55c35add71fe2f9943a6d0c9139dd9a95adbf490ec27d67220c11f1389
sequence/1/0,1e4b09e545b170254fc330053c3db415fd440010f0d700a1b2b5098cc9e4725f
sequence/1/1,c25501b6a98ffa97aeeff0d93dfcdc1f343e712f647e1b0e555bc3d85686173f
sequence/1/2,a274217da9a6693228b02bc382194ea1ddaae292a7551e0de44453979b158d86
sequence/1/3,3f02855f05a08908442d57a2adbe12dfdb911a1170d7795448373c6e634fe626
sequence/1/4,56a1939c674d84de3a28fd705d01a4fc193bd0a722a33e3e28bc7da65a1ec0d3
sequence/1/5,f74401d02b8ca9ac8ada106feb72ba8c83f3a2addb938fcf41436b15a3a9f0e4
sequence/1/6,2ed2c91051cad0b3f8605a5ae6c9e48c9c1b68719f4b2eebebb4f789b84c9e2c
sequence/1/7,1e4b09e545b170254fc330053c3db415fd440010f0d700a1b2b5098cc9e4725f
sequence/1/8,8ec5545ddaaccd7ab88e10ba3412e72f3f1a76e3c4a18894885d8704e24ffab9
sequence/1/9,a274217da9a6693228b02bc382194ea1ddaae292a7551e0de44453979b158d86
sequence/1/10,3f02855f05a08908442d57a2adbe12dfdb911a1170d7795448373c6e634fe626
sequence/1/11,52c6bf89b6ec69618e28a78e1213e2c4e7d58bff8b166acea961920aed8cbc99
sequence/1/12,f74401d02b8ca9ac8ada106feb72ba8c83f3a2addb938fcf41436b15a3a9f0e4
sequence/1/13,ab07ece52a79e675786218d2d8335064a9b94a7482868bf2912ea26ffb575ee7
sequence/1/14,1e4b09e545b170254fc330053c3db415fd440010f0d700a1b2b5098cc9e4725f
sequence/1/15,8ec5545ddaaccd7ab88e10ba3412e72f3f1a76e3c4a18894885d8704e24ffab9
sequence/1/16,20f3452f5c5333129a88ffde07f06dc1449f9e58299a5a0461f78ee648c57075
sequence/1/17,3f02855f05a08908442d57a2adbe12dfdb911a1170d7795448373c6e634fe626
sequence/1/18,d442346f5906c1a4a6f4b6ae6ca1f0d07e69db63bf77be5be427aec42213dc5a
sequence/1/19,f74401d02b8ca9ac8ada106feb72ba8c83f3a2addb938fcf41436b15a3a9f0e4
sequence/1/20,eedacaa85fc6579af5bee0f2f53693f9ba81f7e1be101eac3b0a809521714865
sequence/1/21,5d5c669fd5ad0d909c4bd46f1126dbc9e37f449fa0aa691c0466b372c8437040
sequence/1/22,1705c131c2ece28a767fa255e0a3d4dee602b08ae29680b3142f514a040b921f
sequence/1/23,a274217da9a6693228b02bc382194ea1ddaae292a7551e0de44453979b158d86
sequence/1/24,3f02855f05a08908442d57a2adbe12dfdb911a1170d7795448373c6e634fe626
sequence/1/25,d442346f5906c1a4a6f4b6ae6ca1f0d07e69db63bf77be5be427aec42213dc5a
sequence/1/26,655b23bb729c9642ac164956558e1b10edeaeae365950e580243b8db6286e284
sequence/1/27,eedacaa85fc6579af5bee0f2f53693f9ba81f7e1be101eac3b0a809521714865
sequence/1/28,1e4b09e545b170254fc330053c3db415fd440010f0d700a1b2b5098cc9e4725f
sequence/1/29,8ec5545ddaaccd7ab88e10ba3412e72f3f1a76e3c4a18894885d8704e24ffab9
sequence/1/30,a274217da9a6693228b02bc382194ea1ddaae292a7551e0de44453979b158d86
sequence/1/31,c97b1a08fd2b14de27738b549ae8906394f7f9701c6019d6ac83a4a695031ce6
sequence/1/32,d442346f5906c1a4a6f4b6ae6ca1f0d07e69db63bf77be5be427aec42213dc5a
sequence/1/33,f74401d02b8ca9ac8ada106feb72ba8c83f3a2addb938fcf41436b15a3a9f0e4
sequence/1/34,eedacaa85fc6579af5bee0f2f53693f9ba81f7e1be101eac3b0a809521714865
sequence/1/35,1e4b09e545b170254fc330053c3db415fd440010f0d700a1b2b5098cc9e4725f
sequence/1/36,c25501b6a98ffa97aeeff0d93dfcdc1f343e712f647e1b0e555bc3d85686173f
sequence/1/37,a274217da9a6693228b02bc382194ea1ddaae292a7551e0de44453979b158d86
sequence/1/38,3f02855f05a08908442d57a2adbe12dfdb911a1170d7795448373c6e634fe626
sequence/1/39,d442346f5906c1a4a6f4b6ae6ca1f0d07e69db63bf77be5be427aec42213dc5a
sequence/1/40,8359aeab97c9fbeeb2339eb866844b51eb19b4abe4f02ffc066a6b130a359181
sequence/1/41,2ed2c91051cad0b3f8605a5ae6c9e48c9c1b68719f4b2eebebb4f789b84c9e2c
cube-replacement/1,1e4b09e545b170254fc330053c3db415fd440010f0d700a1b2b5098cc9e4725f
cube-restore/1,1e4b09e545b170254fc330053c3db415fd440010f0d700a1b2b5098cc9e4725f
shape-replacement,f509d2b64d2eb5218eab764f6b0ad44a6450f81a16d3bfe73de40d7fc9415718
shape-restore,311e3d55c35add71fe2f9943a6d0c9139dd9a95adbf490ec27d67220c11f1389
resource-clear,311e3d55c35add71fe2f9943a6d0c9139dd9a95adbf490ec27d67220c11f1389
