case,sample,iterations,cpu_ns,wall_ns,allocated_bytes,recompute_count
static,0,20000,24401691,24411357,264,0
static,1,20000,20716198,20715883,0,0
static,2,20000,20458826,20458951,0,0
static,3,20000,21014701,21029408,0,0
static,4,20000,20182026,20187629,0,0
static,5,20000,21526779,21527297,0,0
static,6,20000,20815954,20827759,0,0
static,7,20000,20585634,20586401,0,0
static,8,20000,21119831,21129482,0,0
preview,0,20000,525735171,537293448,379840000,0
preview,1,20000,516864818,522871820,379840000,0
preview,2,20000,502015009,507320607,379840000,0
preview,3,20000,507810419,523058898,379840000,0
preview,4,20000,522096724,530145089,379840000,0
preview,5,20000,512290296,517060015,379840000,0
preview,6,20000,502505147,510380817,379840000,0
preview,7,20000,502251462,506911089,379840000,0
preview,8,20000,601967280,606377180,379840000,0
