case,sample,iterations,cpu_ns,wall_ns,allocated_bytes
warm-arm,0,10000,53237233,53446922,156088
warm-arm,1,10000,34209429,34209765,2128
warm-arm,2,10000,76771459,76822239,0
warm-arm,3,10000,23733541,23746106,0
warm-arm,4,10000,20761685,20764278,0
non-arm-relative-change,0,32,1649268543,1698621369,2132323392
non-arm-relative-change,1,32,1479594106,1525823575,2123061072
non-arm-relative-change,2,32,1415841995,1452099777,2066616184
non-arm-relative-change,3,32,1458743291,1494138509,2061706336
non-arm-relative-change,4,32,1445100060,1479670001,2062609672
world-model-clear,0,32,1801483915,1858461473,2542232320
world-model-clear,1,32,1954892323,2021691485,2542232320
world-model-clear,2,32,1881271340,1926860986,2542059520
world-model-clear,3,32,1824217818,1872395455,2541771520
world-model-clear,4,32,1805574095,1844981429,2541771520
eight-arm-relative-poses,0,32,175577411,177741332,278628512
eight-arm-relative-poses,1,32,195595283,202448553,278628512
eight-arm-relative-poses,2,32,179687943,181849168,278628512
eight-arm-relative-poses,3,32,196130986,202893683,278628512
eight-arm-relative-poses,4,32,178958562,181355727,278628512
unique-arm-relative-change,0,32,198747065,200471994,277735664
unique-arm-relative-change,1,32,215624192,225037483,277454600
unique-arm-relative-change,2,32,212222235,213633495,281513216
unique-arm-relative-change,3,32,270072306,282134949,273182528
unique-arm-relative-change,4,32,204364751,206029136,271639808
