pose/0/0/4,11d8a47498111621cf983e8e674d70885ef99d2789e2e608151248e9d465cef3,65596d8d2cf23aa06c157a8598104b6bc9cc438ae4af8d78a600e8d14e1f05bb
pose/0/0/5,b89816ffb110df967d0869338ad7810c4b6c8188f1beef1ef32aa8b9903716d8,cfc11277693b1db24ac05acd711317535aa3d513b030d722d332c39091a93873
pose/0/1/4,11d8a47498111621cf983e8e674d70885ef99d2789e2e608151248e9d465cef3,69a41296c45baf778235200b5a13147a05399f592d400a8d74b060d90e7f12d8
pose/0/1/5,b89816ffb110df967d0869338ad7810c4b6c8188f1beef1ef32aa8b9903716d8,22634f83ed06c16d9ef07861c1d467182a378ead882bfc8e9562f34da816cdf5
pose/0/2/4,11d8a47498111621cf983e8e674d70885ef99d2789e2e608151248e9d465cef3,62ad30163d007c8c2ccd4f5cfad4df0da776d91d1658ac421f709dff57e4e869
pose/0/2/5,b89816ffb110df967d0869338ad7810c4b6c8188f1beef1ef32aa8b9903716d8,5fe177862ab7fb382a8aaec520a0ba6562faefeb23fe3493520f52257b3b6b9c
pose/0/3/4,11d8a47498111621cf983e8e674d70885ef99d2789e2e608151248e9d465cef3,b933fb730a4b1fb0830dee3b8a985897ee449601785783dcc9154aa037f7ff73
pose/0/3/5,b89816ffb110df967d0869338ad7810c4b6c8188f1beef1ef32aa8b9903716d8,9be2d717fc7bc7f06b6dfd0b25a17132198ee6630cdeb7ce2e8e0b755d451083
pose/0/4/4,11d8a47498111621cf983e8e674d70885ef99d2789e2e608151248e9d465cef3,71d781c4ba8d1f0e28b8ecdab0efd872d344c38ff3dd6f16fbd76d89173905b0
pose/0/4/5,b89816ffb110df967d0869338ad7810c4b6c8188f1beef1ef32aa8b9903716d8,7991c28c11803ed3ab4f3de221074ccd043da9136801e2ed19c46a8de8095de3
pose/0/5/4,11d8a47498111621cf983e8e674d70885ef99d2789e2e608151248e9d465cef3,c307931267abae2a95c7348bd5d96ff2ec5980fc3737e4cff74614d01a21db95
pose/0/5/5,b89816ffb110df967d0869338ad7810c4b6c8188f1beef1ef32aa8b9903716d8,2f2e643511d5593d21d54cc16ca0cd54e03db775a57180f940fe4f603019210a
pose/0/6/4,11d8a47498111621cf983e8e674d70885ef99d2789e2e608151248e9d465cef3,da2eeeb00675e20c9e0c90930897c80e0edf25cffa759717dbdd8ba1bebedac0
pose/0/6/5,b89816ffb110df967d0869338ad7810c4b6c8188f1beef1ef32aa8b9903716d8,c02d6d1b832f358b0e3b700a2e020ba84ce73303b42261af71491a4488da7da4
pose/0/7/4,11d8a47498111621cf983e8e674d70885ef99d2789e2e608151248e9d465cef3,e3b0c44298fc1c149afbf4c8996fb92427ae41e4649b934ca495991b7852b855
pose/0/7/5,b89816ffb110df967d0869338ad7810c4b6c8188f1beef1ef32aa8b9903716d8,e3b0c44298fc1c149afbf4c8996fb92427ae41e4649b934ca495991b7852b855
pose/0/8/4,11d8a47498111621cf983e8e674d70885ef99d2789e2e608151248e9d465cef3,3d2521c0ca25c92a4db3e8e3c6df7da3cbbfe0852b0734d5a8ac5e04dcff4990
pose/0/8/5,b89816ffb110df967d0869338ad7810c4b6c8188f1beef1ef32aa8b9903716d8,2efca2c282e53420d5914d0efe2a4d8e550e4c7cdcf876904155bfdfd66e457e
pose/0/9/4,11d8a47498111621cf983e8e674d70885ef99d2789e2e608151248e9d465cef3,47d32979dc7e9883c21fa14103622c2b4958fbbcf5ad3b17eea767a876a1a0a9
pose/0/9/5,b89816ffb110df967d0869338ad7810c4b6c8188f1beef1ef32aa8b9903716d8,dd6dda4a4430c796325fea82d41dd46b963eeb34b483063e698038bdad5c2f39
pose/0/10/4,11d8a47498111621cf983e8e674d70885ef99d2789e2e608151248e9d465cef3,56b6c8baf4c18b4c54db332d245dc6145cc5c005c34d44a27675a3c757b34925
pose/0/10/5,b89816ffb110df967d0869338ad7810c4b6c8188f1beef1ef32aa8b9903716d8,3cf4ef08d653c219c2d643685bcab29be597fd9c5d4373f0afb494bc8981d00b
pose/0/11/4,11d8a47498111621cf983e8e674d70885ef99d2789e2e608151248e9d465cef3,b921b647b5ff46fdd2fd4c19b988660e9d35997cd07879869a5e0662d8f6cd60
pose/0/11/5,b89816ffb110df967d0869338ad7810c4b6c8188f1beef1ef32aa8b9903716d8,05faa791188441442f3b11b5f94266f492d742d651c8dce66e10978b488194a3
changed-relative/0/4,11d8a47498111621cf983e8e674d70885ef99d2789e2e608151248e9d465cef3,a0f4d9fcc038e9d69c882d5e34306a7bdb9cf09c5a83f2bd137b577bcd8d8705
changed-relative/0/5,b89816ffb110df967d0869338ad7810c4b6c8188f1beef1ef32aa8b9903716d8,2b5f4a240e55d56e2e721920dc4e6ec0ec433cf7907b8fcac9363115a59c9ccc
pose/1/0/4,abebf1597748a1e80624967a9243d0f6eacc78a4d3f69124bac145a4dfbbb56c,2df5d78e1f4b5077e0e505f8c9651aec319f680c3a16343041814c8639cd6ba3
pose/1/0/5,ceb8ead8d3b74ae50a6d73fa9930effba0864daae83cf1b82f8264d40b42faf3,e5aaa3232db02856327a7a860a04fd72c4f90a86db25454480641c3cb4bcd843
pose/1/1/4,abebf1597748a1e80624967a9243d0f6eacc78a4d3f69124bac145a4dfbbb56c,cabdfe048db5aa3ee0975685e82a0ffe9160e826228c43448dd88d73fe92a902
pose/1/1/5,ceb8ead8d3b74ae50a6d73fa9930effba0864daae83cf1b82f8264d40b42faf3,147fd0cddb47e322ee1f52d6783e7579caccecd71ad9c5e08985879d210e9329
pose/1/2/4,abebf1597748a1e80624967a9243d0f6eacc78a4d3f69124bac145a4dfbbb56c,7a9aab959e24645c2523f05d5c007103a5fed6d46d5a8bfd6b071b8e8a956ec5
pose/1/2/5,ceb8ead8d3b74ae50a6d73fa9930effba0864daae83cf1b82f8264d40b42faf3,1cd5f1af0164427fc95296f99a74736abc3b50823eee68373c1bca2ec55567e5
pose/1/3/4,abebf1597748a1e80624967a9243d0f6eacc78a4d3f69124bac145a4dfbbb56c,d7b524dba4e07a5a62769f169ef53e0add34722387364886542992c3a2624dba
pose/1/3/5,ceb8ead8d3b74ae50a6d73fa9930effba0864daae83cf1b82f8264d40b42faf3,26aadae2459a214f6cc8f66d71426eaba53824727b28827d3108757303a5956b
pose/1/4/4,abebf1597748a1e80624967a9243d0f6eacc78a4d3f69124bac145a4dfbbb56c,d6997b09b589a267c42a2b602b983f07577aea46599ed7f64e6cebd5d3a110e5
pose/1/4/5,ceb8ead8d3b74ae50a6d73fa9930effba0864daae83cf1b82f8264d40b42faf3,853df23daeb08dda4feb7ef0ecd47e1e3ae38d3efec47570bc5fa2b9e3c5c7da
pose/1/5/4,abebf1597748a1e80624967a9243d0f6eacc78a4d3f69124bac145a4dfbbb56c,238a33e7a030f7bf0283fc273d0714f12d92c1886a993821489da2fc315a7003
pose/1/5/5,ceb8ead8d3b74ae50a6d73fa9930effba0864daae83cf1b82f8264d40b42faf3,c322c6e6592156ab3dba730c5717a96cc9d6e5c20e2f7fcb53e955f7dac2a144
pose/1/6/4,abebf1597748a1e80624967a9243d0f6eacc78a4d3f69124bac145a4dfbbb56c,1a07e0a1d59c011ed4727c41d023b9177c60d704487c9b9aad97bd698e4f235b
pose/1/6/5,ceb8ead8d3b74ae50a6d73fa9930effba0864daae83cf1b82f8264d40b42faf3,a5d12d65476dc075b932408363394fc9ef48b2f8ffc2fa446b6aa476247914c4
pose/1/7/4,abebf1597748a1e80624967a9243d0f6eacc78a4d3f69124bac145a4dfbbb56c,e3b0c44298fc1c149afbf4c8996fb92427ae41e4649b934ca495991b7852b855
pose/1/7/5,ceb8ead8d3b74ae50a6d73fa9930effba0864daae83cf1b82f8264d40b42faf3,e3b0c44298fc1c149afbf4c8996fb92427ae41e4649b934ca495991b7852b855
pose/1/8/4,abebf1597748a1e80624967a9243d0f6eacc78a4d3f69124bac145a4dfbbb56c,5aaedebab5c4af6c1c5c3a55f6a7d6e7cbb90525e5333ebf1d337e037dca6cfc
pose/1/8/5,ceb8ead8d3b74ae50a6d73fa9930effba0864daae83cf1b82f8264d40b42faf3,040ed4abe41e33cdaa4f637f830baedde3f3fbae3980e909aa381a1625fb3e21
pose/1/9/4,abebf1597748a1e80624967a9243d0f6eacc78a4d3f69124bac145a4dfbbb56c,8f41be2917c1a1108f802d3842d8662d7cc2599a21689b1fa415872c4157a9bd
pose/1/9/5,ceb8ead8d3b74ae50a6d73fa9930effba0864daae83cf1b82f8264d40b42faf3,9520de2b81f67c46ad67475a9522a7c13801ca991c66566ef4db94547d389e4c
pose/1/10/4,abebf1597748a1e80624967a9243d0f6eacc78a4d3f69124bac145a4dfbbb56c,f4be030a181d227565a57e756df1f4bc66be8bec854734e28b24180d0277fdd2
pose/1/10/5,ceb8ead8d3b74ae50a6d73fa9930effba0864daae83cf1b82f8264d40b42faf3,73bae97131bfadef28dfd612ecc0529bb634f87149f30ba01212b1e069c34254
pose/1/11/4,abebf1597748a1e80624967a9243d0f6eacc78a4d3f69124bac145a4dfbbb56c,583d28e9b9756a9f98cfb4b5c12c3f7013ddbd4a37a9e580b5170713849b8914
pose/1/11/5,ceb8ead8d3b74ae50a6d73fa9930effba0864daae83cf1b82f8264d40b42faf3,5c03a8d2313a60a09cdce6a9963671b6c81b97e23e00aa2f609b67fefafafebd
changed-relative/1/4,abebf1597748a1e80624967a9243d0f6eacc78a4d3f69124bac145a4dfbbb56c,b691afe8e6e37bff84bd9b44fd7a6bd1635ee23cdd17ae26d04d3330ea8e4893
changed-relative/1/5,ceb8ead8d3b74ae50a6d73fa9930effba0864daae83cf1b82f8264d40b42faf3,a45b62c76fd836a069780a657d421c2f13706b49b7835a0aabfeb5cfef71f3fe
replaced-arm-cubes,abebf1597748a1e80624967a9243d0f6eacc78a4d3f69124bac145a4dfbbb56c,c6e0c626793330bc9b7915e3ea74e3e1d1d0f0ba63971a3733716aba6427b682
restored-arm-cubes,11d8a47498111621cf983e8e674d70885ef99d2789e2e608151248e9d465cef3,908faabac78bb2d0a838e5c44c1aec04c6bef5901b626577d368e9d076a19ab9
cache-resource-reload,11d8a47498111621cf983e8e674d70885ef99d2789e2e608151248e9d465cef3,908faabac78bb2d0a838e5c44c1aec04c6bef5901b626577d368e9d076a19ab9
